tweet_id,text,human_intent,top1_similarity,top1_intent,top1_reply,retrieved_intent_rank,recall_at_1,recall_at_3,recall_at_5,historically_grounded,judge_relevance,judge_helpfulness,judge_groundedness,judge_overall,judge_reason,failure_mode,failure_explanation
2371264,@AppleSupport fishing email https://t.co/68EnW15RpI,payments_purchases,0.7069767013448478,apps_services,@575940 Our website here has info on what you should do with this message: https://t.co/LNMCdqt6fD DM us if you have any questions. https://t.co/GDrqU22YpT,,0,0,0,True,5,4,5,4,Directly points to phishing-email guidance matching the reported issue.,No major failure,The response did not trigger a major failure criterion.
652789,@AppleSupport I already did that. I also did the force restart and the same thing happened,payments_purchases,0.476691649497233,other,@373122 Great!  Can you tell us what watchOS version and iOS version you're on via DM? https://t.co/GDrqU22YpT,,0,0,0,True,2,2,4,2,No prior context available; reply's clarifying question is generic and doesn't address a specific issue.,Wrong historical example causing irrelevance,The retrieved example belongs to another intent and the resulting response is not relevant.
998993,@AppleSupport - this is driving me (and clearly some other people) crazy... Any advice?! https://t.co/sIVD9FQ4bZ https://t.co/Bp4A5cyQkl,other,0.326531443748752,other,@546084  We're happy to help. Use this to identify and report phishing emails: https://t.co/LNMCdqt6fD Questions? DM us here: https://t.co/GDrqU22YpT,1.0,1,1,1,True,2,2,3,2,Message is vague; reply guesses at phishing without clear evidence from the message.,Irrelevant response,The response does not adequately address the customer's issue.
1963164,"I keep getting the ""This accessory may not be supported"" message. What is going on @AppleSupport",hardware_accessories,0.5099261149830494,hardware_accessories,"@450999 Reliable power is important. Check out the article below for some tips (check that port for dust or debris).
https://t.co/uqxquyfdn0",1.0,1,1,1,True,5,4,4,4,Reply's power/port advice directly matches the accessory-not-supported message.,No major failure,The response did not trigger a major failure criterion.
2305481,"@AppleSupport Also why does everytime I️ take a Photo it says “Live” and when looking back at it shows a short little movie and isn’t an actual photo, I’ve checked the settings and it shows nothing about any ‘Live’ to ‘Photos’ type of features or options?",apps_services,0.1701037308139663,ios_update,@525420 Let's meet in DM so we can get some specific information about your iPhone. https://t.co/GDrqU22YpT,3.0,0,1,1,True,2,2,4,2,Reply is a generic request to DM without engaging with the specific Live Photo issue described.,Wrong historical example causing irrelevance,The retrieved example belongs to another intent and the resulting response is not relevant.
619432,"@266993 @266994 @AppleSupport I wish I had $1 for every twitter user who has posted about their battery issues, I’d be a rich woman",battery_power,0.2020265580113214,ios_update,@489388 Great battery life is important. Let's pair up in DM to get a closer look at what's happening. https://t.co/GDrqU22YpT,,0,0,0,True,2,2,3,2,"Message is a general/joking comment, not a personal support request; reply misreads it as one.",Wrong historical example causing irrelevance,The retrieved example belongs to another intent and the resulting response is not relevant.
2193378,@AppleSupport Update the software to fix the problem everyone is having with: I️,ios_update,0.6285565926609292,device_performance,@595948 Thanks for reaching out. We have a workaround for this here: https://t.co/xXaXeeSRt9 DM us if you still need help. https://t.co/GDrqU22YpT,4.0,0,0,1,True,5,4,4,4,Workaround link matches the well-known autocorrect 'I' bug referenced in the message.,No major failure,The response did not trigger a major failure criterion.
521348,@AppleSupport Hey my iphone x drops bluetooth connectivity in my car 4-5x per song. My iphone 5s never had a problem. Any help?,connectivity,0.2287934906281678,other,@278732 What's happening when you try to use the screen recording feature? Please DM use at the link below. https://t.co/GDrqU22YpT,,0,0,0,True,1,1,2,1,"Reply asks about screen recording, unrelated to the Bluetooth car connectivity issue described.",Wrong historical example causing irrelevance,The retrieved example belongs to another intent and the resulting response is not relevant.
1327360,"Having consistent problem with AirPods dropping sound after ~3-5mins of use on laptop. BT still connected, computer still outputting sound -- but AirPods go silent. 

Anyone have this issue? 
Any suggestions @AppleSupport?  
I've reset connection several times.",connectivity,0.2208585223392644,other,@278732 Are you trying to capture sound of you talking or sound that is playing from the app you're recording? Please DM us at the link below. https://t.co/GDrqU22YpT,2.0,0,1,1,True,1,1,2,1,"Reply asks about screen recording, unrelated to the AirPods Bluetooth audio dropout issue.",Wrong historical example causing irrelevance,The retrieved example belongs to another intent and the resulting response is not relevant.
2710940,@AppleSupport Nice fix. Thanks!,other,0.6044712617149894,other,@454867 You're most welcome!,1.0,1,1,1,True,5,5,5,5,Reply appropriately closes out a simple thanks message.,No major failure,The response did not trigger a major failure criterion.
301132,"@AppleSupport @115858 #iMessages became unstable, iMessages just don’t go through in first attempt. And it’s happening frequently after recent update 11.0.2",other,0.2037345078941839,ios_update,@167380 Thank you. We'd like to take a closer look at this issue. Please DM us and we'll continue there. https://t.co/GDrqU22YpT,4.0,0,0,1,True,4,3,4,3,"Acknowledges the iMessage issue and offers to continue in DM, but gives no concrete step yet.",Low retrieval confidence,The best historical match has low similarity to the customer message.
522968,@AppleSupport why when I lock my phone maps does not continue giving me directions,apps_services,0.2743372020788803,ios_update,"@389133 That's no good, let's get it fixed so you can rock on. Send us a DM to get started.",,0,0,0,True,3,2,4,3,Generic acknowledgment of the Maps issue without addressing specifics.,Generic or insufficient response,The response is related but provides limited actionable assistance.
1468299,"@applesupport I tried celullar data network in iPhone, but can’t solved the problem. My ID is __email__, can you help me?",connectivity,0.2796900082261195,device_performance,@481035 You're welcome!,,0,0,0,True,1,1,2,1,"Reply assumes the issue is resolved with 'You're welcome', but the message is a help request.",Wrong historical example causing irrelevance,The retrieved example belongs to another intent and the resulting response is not relevant.
796536,iOS 11 kills battery do something @115858 @AppleSupport,battery_power,0.4819776883408059,other,@461360 We'll help out. Let's start with the instructions here to try to resolve that No SIM message. https://t.co/UTP2qBi1Is,,0,0,0,True,1,1,1,1,"Reply addresses a 'No SIM' message, unrelated to the battery drain complaint.",Wrong historical example causing irrelevance,The retrieved example belongs to another intent and the resulting response is not relevant.
2746104,Can't sign in to iCloud lost all contacts on my phone. Not can I access my mail. Will not work on phone but works on iPad #icloud @115858 @AppleSupport #sos,account_activation,0.2622689194765515,other,"@349676 Thanks for reaching out. We would love to help. When you have a free moment, please tell us when you first encountered this issue.",2.0,0,1,1,True,3,2,4,3,"Generic on-topic follow-up question about a login/sync issue, no direct fix offered.",Generic or insufficient response,The response is related but provides limited actionable assistance.
1535045,Been trying for 30 minutes and keep gettin this could not activate iPhone error can you guys get it together? @AppleSupport @117735 https://t.co/VLn7QAZgtS,account_activation,0.4178947736322658,account_activation,@477766 Let's work on this together. Reach out to us in a DM to get started. https://t.co/GDrqU22YpT,1.0,1,1,1,True,4,3,4,3,"On-topic acknowledgment of the activation error, defers troubleshooting to DM.",No major failure,The response did not trigger a major failure criterion.
2922718,@AppleSupport why with the update high sierra my macbook pro turn on the keyboard lights (when this start) and ios 11.1.2 turn on the bluethooth (when the device is restarted) 🧐?,keyboard_input,0.2762387572065569,keyboard_input,"@536179 Thanks for reaching out. If you're on iOS 11.1, try this: https://t.co/xU1AGHStV6 Questions? Feel free to send us a DM. https://t.co/GDrqU22YpT",1.0,1,1,1,True,3,3,3,3,Partially addresses the update-related behavior change but doesn't cover the keyboard-light detail.,No major failure,The response did not trigger a major failure criterion.
806476,"@AppleSupport I haven’t, I’ve only tried my own Apple headphones.",hardware_accessories,0.3245762481334783,connectivity,@337690 Do you have a computer with iTunes installed? You can use iTunes to update the iOS software. Here’s how: https://t.co/80YRnjDFDk,,0,0,0,True,2,2,3,2,Message fragment lacks context; reply's iTunes update suggestion may not match the underlying issue.,Wrong historical example causing irrelevance,The retrieved example belongs to another intent and the resulting response is not relevant.
1149988,@AppleSupport It started yesterday when I was trying to back up my phone &amp; transfer to my new phone. Apple store recommended I go to my provider and,apps_services,0.2528935000803205,ios_update,"@454446 Let's try following this article, and let us know in DM if it doesn't help: https://t.co/4f8hwT5to6 https://t.co/GDrqU22YpT",,0,0,0,True,3,3,4,3,Generic article suggestion plausibly related to the backup/transfer issue described.,No major failure,The response did not trigger a major failure criterion.
322054,@AppleSupport y’all needa fix ios 11 it’s messing up everyone’s phone. 🙃🙃,ios_update,0.4191870503927019,device_performance,@622826 Here’s what you can do to work around the issue until it’s fixed in a future software update: https://t.co/xXaXeeSRt9,,0,0,0,True,3,3,3,3,Assumes a specific known issue without message specifying which bug is meant.,No major failure,The response did not trigger a major failure criterion.
1760465,@AppleSupport I have your apple smart battery case... what does AID UPS mean? https://t.co/UovYhXCeOm,battery_power,0.3605732678190158,other,@299299 This is a phishing email. To identify and report these types of emails check out this article: https://t.co/LNMCdqt6fD,,0,0,0,True,1,1,2,1,Reply calls this a phishing email; message is a genuine product question about a battery case.,Wrong historical example causing irrelevance,The retrieved example belongs to another intent and the resulting response is not relevant.
1581392,@AppleSupport I’m still getting it,other,0.4981116754387863,other,@445522 Thanks for reaching out. We're here to help. DM us so we can look into this further with you. https://t.co/GDrqU22YpT,1.0,1,1,1,True,3,2,4,3,Generic acknowledgment; no specific issue is stated in the fragment to verify against.,Generic or insufficient response,The response is related but provides limited actionable assistance.
941450,@AppleSupport When I take a video on my iPh6 the audio on playback is just a hiss.,music_media,0.2641915334403131,music_media,@230688 Having a camera at your fingertips is so important when capturing life's moments. Let's get it working for you again on your iPhone. Which iOS version are we working with? That's in Settings &gt; General &gt; About. You can DM us. https://t.co/GDrqU22YpT,1.0,1,1,1,True,4,3,4,3,Relevant follow-up question about iOS version for the video-audio hiss issue.,No major failure,The response did not trigger a major failure criterion.
1020325,"@AppleSupport Every time I have an app open, it’ll exit out of the app within like 90 seconds",apps_services,0.3040578637708216,apps_services,@249031 Thank you for those details. Send us a DM with the country that you're located in to continue. https://t.co/GDrqU22YpT,1.0,1,1,1,True,2,1,3,2,Asking for the customer's country doesn't meaningfully address an app-crashing complaint.,Irrelevant response,The response does not adequately address the customer's issue.
1625434,@AppleSupport @115858 have you solved the high use of battery of #ios11? Tks,battery_power,0.2614730407931615,device_performance,@481035 You're welcome!,2.0,0,1,1,True,1,1,2,1,"Reply assumes the issue is resolved ('You're welcome'), but the message asks if it's been solved.",Wrong historical example causing irrelevance,The retrieved example belongs to another intent and the resulting response is not relevant.
1404859,"@AppleSupport 6s battery struggles after iOS11.0.3 upgrade :(
down to 15% from 58% while watching just one episode for 40mins on 3G..",battery_power,0.2149772462241859,battery_power,@502535 We want to take a closer look at this with you. Send us a DM with more details about your device to get started. https://t.co/GDrqU22YpT,1.0,1,1,1,True,4,3,4,3,"Relevant acknowledgment of the battery complaint, asks for more device detail.",Low retrieval confidence,The best historical match has low similarity to the customer message.
613046,safari isn't playing any sound on my laptop HELP @115858 @AppleSupport,apps_services,0.2865584698595501,other,"@240067 You're in the right place, and we'll do all we can to help. To get started, let us know what macOS version is being used via DM. We'll continue from there: https://t.co/GDrqU2kzhr",3.0,0,1,1,True,4,3,4,4,Relevant request for macOS version to troubleshoot the Safari audio issue.,No major failure,The response did not trigger a major failure criterion.
168795,"@AppleSupport I was forced to update my phone system with data usage,why the fuck did you do that ?",ios_update,0.2563857888741148,other,@196197 We can assist you. Please DM us via the following link and we can help you from there. https://t.co/GDrqU22YpT,3.0,0,1,1,True,3,2,4,3,Generic acknowledgment of the forced-update complaint.,Generic or insufficient response,The response is related but provides limited actionable assistance.
1394002,"@AppleSupport my iPhone 6 has been rapidly dropping charge &amp; randomly shutting off 4 months, when I plug in again says it has battery life?",battery_power,0.2034344252330771,other,@239229 We're happy to hear it's working as expected now. Please feel free to reach out if the issue returns or you have other questions. We're always happy to help.,,0,0,0,True,1,1,2,1,"Reply assumes the battery issue is now resolved, but the message describes an ongoing problem.",Wrong historical example causing irrelevance,The retrieved example belongs to another intent and the resulting response is not relevant.
1986856,@AppleSupport please stop my phone from turning the letter I️  into this weird symbol. It’s driving me crazy. Thanks.,keyboard_input,0.3445918112515151,device_performance,@513213 Here’s what you can do to work around the issue until it’s fixed in a future software update: https://t.co/xXaXeeSRt9,2.0,0,1,1,True,5,4,4,4,Correct workaround link for the letter-I autocorrect bug described.,No major failure,The response did not trigger a major failure criterion.
1122193,@AppleSupport Plz the clear  this solution or if not possible  then change my iphone its up to yu,other,0.2263831759004905,other,"@624009 We'd like to help. What happens when you try to update? Let's take this to DM, and we'll explore ways to provide you assistance. https://t.co/GDrqU22YpT",1.0,1,1,1,True,3,2,3,3,"Assumes the issue relates to updating, a plausible but unconfirmed read of a vague message.",Generic or insufficient response,The response is related but provides limited actionable assistance.
1218365,"@AppleSupport Hi! Now it appears to me...btw, thank you!",other,0.4359323981592429,other,@432947 That does appear to be a phishing attempt. Did you click on any links or enter any information?,1.0,1,1,1,True,4,3,4,3,Plausible continuation of a phishing-related thread implied by the fragment.,No major failure,The response did not trigger a major failure criterion.
1977272,@AppleSupport after i updated this happened. What can I do ?? https://t.co/yWBbmdnNv1,ios_update,0.5385199214506563,other,@195264 Thanks for reaching out to us. Can you DM us with more details of your Music issue? https://t.co/GDrqU22YpT,5.0,0,0,1,True,2,2,2,2,Reply assumes a 'Music issue' with no supporting evidence from the vague message and attached image.,Wrong historical example causing irrelevance,The retrieved example belongs to another intent and the resulting response is not relevant.
1455368,"@AppleSupport hello, I’m having issues updating to iOS 11.1 on my iPhone 6 Plus, I already sent you a message 🙂",ios_update,0.4479442233331848,other,@391061 Hi! We got your DMs and you'll be getting a response from us there shortly.,,0,0,0,True,4,3,4,4,Correctly acknowledges a prior DM was sent regarding the update issue.,No major failure,The response did not trigger a major failure criterion.
2052786,@AppleSupport my new music mix which normally refreshes every Friday morning has gone? Help,music_media,0.3337531740053663,music_media,@125899 We'd like to help. Let's take a look at this. On which device are you viewing your music? Did you ever see this playlist?,1.0,1,1,1,True,5,3,4,4,Relevant clarifying questions directly about the missing music mix.,No major failure,The response did not trigger a major failure criterion.
2050839,@AppleSupport How to solve the problem with the phone? Constantly restarts itself. Recovery and flashing not help. Can you help me?,device_performance,0.2575898797511657,other,@210991 We'd be happy to help. DM us details of the issue on when it restarts and we'll continue support with you there. https://t.co/GDrqU22YpT,2.0,0,1,1,True,4,3,4,3,Relevant request for more detail on the recurring restart issue.,No major failure,The response did not trigger a major failure criterion.
1134084,"@AppleSupport No, all apps are up to date, my phone is really slow, keyboard is driving me nuts, freezes and it is slow, among other things.",keyboard_input,0.3402466554384146,apps_services,"@555772 Next, let's go to Settings &gt; Notifications. disable the Whatsapp Notification, then restart the iPhone &amp; enable. DM the results. https://t.co/GDrqU22YpT",,0,0,0,True,2,2,3,2,Reply's WhatsApp-notification fix doesn't clearly match the stated slowness/freezing/keyboard complaints.,Wrong historical example causing irrelevance,The retrieved example belongs to another intent and the resulting response is not relevant.
1707703,Apple needs to fix this emoji bs cause I️ can’t even type i without it being a question mark @115858 @AppleSupport,keyboard_input,0.3995094549626103,keyboard_input,@489467 Hey there! Check out the steps here to assist with that issue: https://t.co/xU1AGHStV6,1.0,1,1,1,True,5,4,4,4,Correct workaround link for the letter-I autocorrect bug.,No major failure,The response did not trigger a major failure criterion.
946674,@AppleSupport Using any apps or being on phone. Plug it into charger and goes back to 50% instantly and then drops again quickly after off charger,battery_power,0.2507460859607322,hardware_accessories,@631045 We know how important it is to be able to rely on your iPhone. Can you DM us the iPhone model and version of iOS running? https://t.co/GDrqU22YpT,4.0,0,0,1,True,4,3,4,3,Relevant request for device/iOS info to diagnose the charging behavior.,No major failure,The response did not trigger a major failure criterion.
588194,"@AppleSupport updated to 11.2, have 2 factor auth on, but do not see the swipe in settings&gt;wallet to enable apple cash --- bug???",ios_update,0.3031429527572217,ios_update,"@261804 If you're in the US, those features will require iOS 11.2 and will begin rolling out early next week.",1.0,1,1,1,True,5,5,4,5,"Directly explains why the Apple Cash feature isn't showing yet, with a concrete timeline.",No major failure,The response did not trigger a major failure criterion.
1582180,@AppleSupport any reason why I still cannot join iPhone Upgrade Program for iPX in UK?! Orders should have opened at 6am today! Not happy!!! https://t.co/k0Xn0H2e8z,ios_update,0.2238930715485361,ios_update,@370805 We'd recommend contacting our Apple Online Store Support team for questions about the program: https://t.co/8yjRd1Xo0i,1.0,1,1,1,True,4,3,4,3,Appropriately redirects an Upgrade Program order question to the correct support team.,Low retrieval confidence,The best historical match has low similarity to the customer message.
2300385,@AppleSupport my iTunes account won’t let me change country due to an useless minimal amount of money left on it- how do I solve this? I moved country and would like use local gift cards as payment.,payments_purchases,0.2376387205816987,music_media,"@396674 Thanks for contacting us, we can help you. Please check out and try the steps from this support article: https://t.co/tVYxi78JaN",3.0,0,1,1,True,4,3,4,3,Relevant article pointer for the iTunes account country-change issue.,Low retrieval confidence,The best historical match has low similarity to the customer message.
236811,@AppleSupport 😒😑,other,0.0,ios_update,@823796 We'd love to offer our help in making sure your iPhone is working at peak performance. Send us a DM and let us know if you are using iOS 11.1.2 or iOS 11.2. You can confirm in Settings &gt; General &gt; About. https://t.co/GDrqU2kzhr,2.0,0,1,1,True,1,1,3,1,Message has no text content to act on; reply's guess at a performance issue is unsupported.,Wrong historical example causing irrelevance,The retrieved example belongs to another intent and the resulting response is not relevant.
1565223,@AppleSupport @115858 how many people do you think use your products for work and CAN’T because we look like fucking morons??? FIX THIS SHIT,other,0.2011320880073166,other,@509540 Here’s what you can do to work around the issue until it’s fixed in a future software update: https://t.co/xXaXeeSRt9,1.0,1,1,1,True,2,2,2,2,"Message doesn't specify an issue, so the workaround link's relevance can't be confirmed.",Irrelevant response,The response does not adequately address the customer's issue.
403553,@AppleSupport please fix the battery draining issue..,battery_power,0.6648427920587322,battery_power,"@669249 Thanks for reaching out. We've worked with you previously while you were using iOS 11.0.2, are you still having the same issue? May we ask which iOS version you're using now?",1.0,1,1,1,True,5,4,4,4,"Personalized, relevant follow-up referencing prior battery troubleshooting.",No major failure,The response did not trigger a major failure criterion.
2015439,"@AppleSupport Nah fam, I️ spent over too much money on this iPhone 8+ to fix YALL issue. I️ claim a refund ... yoo @138021 I️ need a mobile device",payments_purchases,0.3072035301378976,other,@202622 If you change your mind feel free to reach out to us in DM and we'll look into this with you. https://t.co/GDrqU22YpT,,0,0,0,True,3,2,3,2,Acknowledges the refund request but doesn't engage with the frustration or offer a concrete path.,Generic or insufficient response,The response is related but provides limited actionable assistance.
994501,@AppleSupport Heck yeah I will the newest version of it,other,0.5139664976869931,other,"@554202 Got it, thanks! So we can work with your closer on this issue, reach out to us in DM below and we'll continue from there. https://t.co/GDrqU22YpT",1.0,1,1,1,True,3,2,3,3,Plausible generic continuation of an update-related thread fragment.,Generic or insufficient response,The response is related but provides limited actionable assistance.
1014374,@AppleSupport help https://t.co/nuRq7PkQOe,other,1.0,other,@508896 Here’s what you can do to work around the issue until it’s fixed in a future software update: https://t.co/xXaXeeSRt9,1.0,1,1,1,True,2,2,3,2,Message has no specific detail; can't verify the workaround link matches the right issue.,Irrelevant response,The response does not adequately address the customer's issue.
2622641,@AppleSupport @740935 When is reputation coming to Apple Music?,music_media,0.4133197588366397,payments_purchases,@743459 We appreciate your interest. You can keep an eye on our newsroom page for updates: https://t.co/lSTj2OddQ3,3.0,0,1,1,True,5,4,4,4,Appropriately answers the Apple Music feature-timing question by pointing to newsroom updates.,No major failure,The response did not trigger a major failure criterion.
159588,@AppleSupport Can i️ trade in a perfect contrition iphone 6s at the apple store? if so how much will i️ get,apps_services,0.3147834422284754,apps_services,"@240578 For questions regarding the purchase of a new iPhone, contact our Sales team here: https://t.co/RmFSlCBcIE",1.0,1,1,1,True,3,3,4,3,"Reasonably redirects a trade-in question to the Sales team, though trade-in isn't quite 'new purchase'.",No major failure,The response did not trigger a major failure criterion.
2206972,@AppleSupport Just done this. Please advise re battery? Phone barely lasts half a day currently? Have done all the usual checks Re background apps etc,battery_power,0.2662977880433901,other,"@123699 Perfect, thanks. Be sure to reach out if you need us again. Take care.",,0,0,0,True,1,1,2,1,"Reply treats the issue as resolved and closes out, but the message is actively asking for battery advice.",Wrong historical example causing irrelevance,The retrieved example belongs to another intent and the resulting response is not relevant.
1429739,"@AppleSupport My iPhone 5c is searching the network but isn't founding, and yes, i've checked my IMEI, and is it there. What is the problem?",connectivity,0.34008355445408,connectivity,@563631 Let's take a look at this together. Follow these steps first: https://t.co/5KootZbxj1 Let us know how it goes in DM. https://t.co/GDrqU22YpT,1.0,1,1,1,True,4,4,4,4,Relevant troubleshooting steps for the network-search issue with IMEI already checked.,No major failure,The response did not trigger a major failure criterion.
2133513,"@AppleSupport Alright, thanks.",other,1.0,other,@710726 You are very welcome.,1.0,1,1,1,True,5,5,5,5,Appropriately closes out a simple thanks message.,No major failure,The response did not trigger a major failure criterion.
356806,@AppleSupport Yes built in keyboard and 11.0.2 - is it capitalising words/names that are in my contacts list? I reckon that’s exactly what is happening. 🤔,keyboard_input,0.3501296505436749,other,@789666 We'd like to dive into this a bit further. Please send us a DM and tell us which country you are contacting us from today. https://t.co/GDrqU22YpT,,0,0,0,True,3,2,3,2,Acknowledges the keyboard/capitalization question but the follow-up (asking country) doesn't build on it.,Generic or insufficient response,The response is related but provides limited actionable assistance.
1000219,@AppleSupport any way to check overall battery health of my iPhone 7?,battery_power,0.8289605605321476,battery_power,"@301715 There is. If using iOS 10.2.1 or later, you can check in Settings &gt; Battery. The steps are seen here: https://t.co/YdSKlzWNuW",1.0,1,1,1,True,5,5,5,5,Directly and correctly answers how to check battery health with exact menu steps.,No major failure,The response did not trigger a major failure criterion.
2054539,This new iPhone update is garbage! My battery life is getting murdered now @AppleSupport @115858,battery_power,0.3998430228054789,ios_update,@683392 It's important to us that you have an iPhone that works. Let's look into this together. Join us in DM. https://t.co/GDrqU22YpT,4.0,0,0,1,True,4,3,4,3,Relevant acknowledgment of the battery complaint tied to the recent update.,No major failure,The response did not trigger a major failure criterion.
2544486,"@AppleSupport j'ai besoin de votre aide! iPhone volé, j'ai besoin de récupérer mes images sur mon PC depuis iTunes. Sauf que pas possible !",music_media,0.3213304755754835,apps_services,@754867 We offer support via Twitter in English. Contact us for help in your preferred language here: https://t.co/IBIY3vMgPj,5.0,0,0,1,True,2,2,4,2,Appropriately notes the language limitation but doesn't address the underlying photo-recovery issue.,Wrong historical example causing irrelevance,The retrieved example belongs to another intent and the resulting response is not relevant.
795778,@AppleSupport And do you know when this issue will be addressed for people using genuine apple hardware ?,device_performance,0.2714891966275153,other,@549341 We're here to help you. Let's follow the steps in this article for this issue: https://t.co/osZOKKTalm Before updating we recommend creating a backup of your device. If you continue to have issues send us and DM and take a closer look. https://t.co/GDrqU22YpT,,0,0,0,True,3,3,3,3,"Generic update-troubleshooting article, plausible but not clearly tied to the vague complaint.",No major failure,The response did not trigger a major failure criterion.
1761290,How am I️ not connected to the internet @115858 @AppleSupport ????? https://t.co/yzr9u21cLJ,connectivity,0.4840818473613546,connectivity,@621567 DM us the results after you follow the steps in this article for help with over-the-air wireless updates: https://t.co/Ui1yTnOCUz https://t.co/GDrqU22YpT,1.0,1,1,1,True,4,3,4,3,Relevant wireless-update troubleshooting article for a connectivity complaint.,No major failure,The response did not trigger a major failure criterion.
1016769,@AppleSupport: do you happen to know why they’re ghosted out? Thanks! #iOS #iphone7 #wondering #help #photos #cameraroll https://t.co/4etUoKvQeO,apps_services,0.3888692625983969,other,@288928 We'd like to look into this with you. Does the issue continue if you restart the iPad? What is your current iOS version? You can find it at Settings &gt; General &gt; About.,4.0,0,0,1,True,4,3,4,3,Relevant diagnostic question about restart and iOS version for the ghosted photos issue.,No major failure,The response did not trigger a major failure criterion.
1836635,"@AppleSupport pls fix the Bluetooth issue on iOS, nothing but interference when listening to music..",connectivity,0.3665184638274248,other,@505497 Here’s what you can do to work around the issue until it’s fixed in a future software update: https://t.co/xXaXeeSRt9,,0,0,0,True,2,2,2,2,Generic 'future update' workaround link doesn't clearly correspond to a Bluetooth interference issue.,Wrong historical example causing irrelevance,The retrieved example belongs to another intent and the resulting response is not relevant.
2948210,What the heck again @AppleSupport ? I still have 28GB of iCloud https://t.co/qqJlj8yqnO,apps_services,0.4383362207102426,other,"@130081 Understood. We have released a newer iOS version which will help with the issue you're experiencing. Let's make sure you have a recent backup, then update to 11.1.1 as listed here: https://t.co/ahjigcvFRG",,0,0,0,True,3,3,3,3,Update suggestion is plausible but not clearly matched to the iCloud storage complaint.,No major failure,The response did not trigger a major failure criterion.
149993,@AppleSupport Hi guys i am running on version 4.0 watch os and iphone os - 11.1.2 so the most current on both,other,0.3293496594296627,ios_update,@659778 Thank you. Do you have a recent backup of these devices?,3.0,0,1,1,True,3,3,4,3,Reasonable generic follow-up (backup check) given no specific issue is stated.,No major failure,The response did not trigger a major failure criterion.
928077,@AppleSupport is there any way to see my activity history prior to getting new iPhone 8? My prior weeks look like this now. Encrypted backup https://t.co/N67uVz5uld,other,0.2282281692440658,account_activation,@532632 We can help. Does this happen with all notifications from all apps or just certain ones?,3.0,0,1,1,True,1,1,2,1,"Reply asks about notification behavior, unrelated to the activity-history/backup question asked.",Wrong historical example causing irrelevance,The retrieved example belongs to another intent and the resulting response is not relevant.
2493851,"@AppleSupport Oh okay, thank you!",other,0.7241112903382267,other,@187662 It's our pleasure. Feel free to reach out if any questions come up.,1.0,1,1,1,True,5,5,5,5,Appropriately closes out a simple thank-you message.,No major failure,The response did not trigger a major failure criterion.
1986902,@115858 @AppleSupport since this bulging #battery if I take it in will you replace? #MacBookPro https://t.co/Z6CG2ufJWB,battery_power,0.2539742831321471,other,"@662950 We want your Mac working for you; we'll do all we can to help. To start, do you recall when this vertical line first appeared? Does this line appear every time you start up your Mac, and does it ever go away?",,0,0,0,True,1,1,2,1,"Reply asks about a 'vertical line' on screen, unrelated to the bulging-battery replacement question.",Wrong historical example causing irrelevance,The retrieved example belongs to another intent and the resulting response is not relevant.
2280272,Is @AppleSupport going to fix this A question mark thing?!,other,0.5878155925409805,device_performance,@641931 Thanks for reaching out! We've released iOS 11.1.1 which addresses this issue. Learn more here: https://t.co/evcqP6KgPj,3.0,0,1,1,True,5,5,5,5,Directly confirms the relevant iOS fix for the autocorrect symbol bug with a link.,No major failure,The response did not trigger a major failure criterion.
164244,Is @AppleSupport ever going to #fix the ringtone issue? It's a bit frustrating since so many of us have #purchased (from @115858) #ringtones which now can't be used. Looking forward to the fix.,payments_purchases,0.2899098431836128,ios_update,@524104 No problem.  Let us know if you need any further assistance.,,0,0,0,True,1,1,2,1,Reply's closing tone doesn't engage with the complaint about unusable purchased ringtones.,Wrong historical example causing irrelevance,The retrieved example belongs to another intent and the resulting response is not relevant.
582779,@AppleSupport background app refresh off; privacy on photos/mic/camera is on 2 apps (twitter+dropbox) - all are off -,apps_services,0.597688452369336,apps_services,@701793 Thanks for keeping your device up-to-date. Let's research this a little further in DM. Join us with the link below. https://t.co/GDrqU22YpT,1.0,1,1,1,True,3,2,4,3,"Generic acknowledgment of settings already checked, defers to DM without new guidance.",Generic or insufficient response,The response is related but provides limited actionable assistance.
34690,"@AppleSupport @115858 bitch!! Stop changing the letter “I” to that dumb ass shit. I’m sick of it, hoe!!",keyboard_input,0.3137959528244007,other,"@572866 The issue is resolved in the iOS 11.1.1 update. If you haven't yet, backup, update, and see if that helps. Check out this article for the steps: https://t.co/ahjigcvFRG",2.0,0,1,1,True,5,5,5,5,Correctly identifies the iOS 11.1.1 fix for the letter-I bug with update steps.,No major failure,The response did not trigger a major failure criterion.
2133600,@AppleSupport Its ios 11.1,ios_update,1.0,ios_update,@342073 Will Safari respond to touch at all?,1.0,1,1,1,True,1,1,2,1,Reply asks an unrelated Safari-touch question that doesn't build on the stated iOS version.,Irrelevant response,The response does not adequately address the customer's issue.
2034901,Anyone else getting the ? On their iPhone when pressing the letter I️ like in ISLAND? @AppleSupport what did you guys do??🙈,keyboard_input,0.2997616568558035,other,@461856 We'd like to work with you on this. Please DM us. https://t.co/GDrqU22YpT,2.0,0,1,1,True,4,2,4,3,"On-topic acknowledgment of the autocorrect symbol bug, but defers to DM rather than giving the known fix.",Generic or insufficient response,The response is related but provides limited actionable assistance.
2002392,@115858 @AppleSupport what’s up with the capital “I️”. And my screen freezing with simple commands?? That @122986 pixel 2 lookin real nice.,hardware_accessories,0.3831098752433218,other,@629324 Here’s what you can do to work around the issue until it’s fixed in a future software update: https://t.co/xXaXeeSRt9,,0,0,0,True,3,3,3,3,Addresses the autocorrect-symbol portion of a two-part complaint but ignores the screen-freezing part.,No major failure,The response did not trigger a major failure criterion.
2422404,Hey @AppleSupport how long until the I️ is fixed. It’s stopped being amusing. #IHateAppleCore https://t.co/SF9q5i0UK7,other,0.5762481958805712,other,@640043 Thanks so much for reaching out today! We've just released an iOS update to 11.1.1 that can help with this issue. Take a look at the steps listed here to update wirelessly or through iTunes: https://t.co/80YRnjDFDk https://t.co/GDrqU22YpT,1.0,1,1,1,True,5,5,5,5,Directly answers 'how long until fixed' with the actual release and update steps.,No major failure,The response did not trigger a major failure criterion.
1958040,@AppleSupport My battery drains so much!,battery_power,0.4474671851266031,other,@296022 We want you to use your iPhone without issue. Please send us a DM and we'll look into this together. https://t.co/GDrqU22YpT,2.0,0,1,1,True,4,3,4,3,Relevant acknowledgment of the battery drain complaint.,No major failure,The response did not trigger a major failure criterion.
211247,@AppleSupport Just got news that 2 incidents reported that iPhone 8 plus battery burst while charging. Is it true ?,battery_power,0.3068356403880639,other,@223871 Thanks for reaching out to us. We definitely understand your concern here. This email is not authentic. This is likely a phishing attempt to get personal information from you. You can learn more about how to identify phishing emails here: https://t.co/LNMCdqt6fD,,0,0,0,True,1,1,1,1,"Reply treats this as a phishing email, unrelated to the question about reported battery-burst incidents.",Wrong historical example causing irrelevance,The retrieved example belongs to another intent and the resulting response is not relevant.
2021338,@115858 @AppleSupport please explain this to me https://t.co/Wx6WJ46SFc,other,0.8959708226500407,other,"@248285  We can definitely offer some guidance. The time it takes to download the update varies according to the size of the update and your Internet speed. If iTunes gives you an error, or if you don’t notice any progress with the update, let us know.",1.0,1,1,1,True,3,3,3,3,"Plausible explanation of update download time, though the message text alone is too vague to fully verify fit.",No major failure,The response did not trigger a major failure criterion.
2641019,@AppleSupport I have Apple Music and should be able to play this why is it not allowing me to https://t.co/SU5jyjj50B,music_media,0.3018737768017933,music_media,"@238879 No worries! We can help get the single you purchased spinning again. Let’s close out of the Music app and open up the iTunes Store. Once there, tap on More ( . . . ) at the bottom right. Select Purchased &gt; Music. Let us know if the single is present.",1.0,1,1,1,True,5,5,4,5,"Gives specific, actionable steps to resolve a purchased-content playback issue.",No major failure,The response did not trigger a major failure criterion.
334118,"@AppleSupport hi there, i have some issue with iMessage on my iPhone.",apps_services,0.3367359365298057,apps_services,@124298 We'd love to help. Please do tell us what the issue is.,1.0,1,1,1,True,4,3,4,3,Appropriately asks for details given the vague 'issue with iMessage' message.,No major failure,The response did not trigger a major failure criterion.
2039290,Just got my iPhone X it’s already scratched and I’m so careful with it have a case one always and always wash my hands before I use it @AppleSupport plz help I’m so sad that it’s already scratched the day I️ got it it was scratched but others r saying they have the same problem,device_performance,0.2367634939775271,other,@524822 Certainly not what we want you to experience. What's going on exactly? We'd love to help sort out any issues you're seeing.,2.0,0,1,1,True,4,3,4,3,"Empathetic, relevant follow-up to the scratched-device complaint.",Low retrieval confidence,The best historical match has low similarity to the customer message.
2678271,@AppleSupport I’m using a 6s plus. With 11.2 beta 3,other,0.6202832981555326,other,@177175 Thanks! Let's make sure your iPhone's battery is set up for maximum performance. Check the tips here: https://t.co/BGb00taxed,1.0,1,1,1,True,2,2,3,2,Reply assumes a battery-performance issue not mentioned in the version-info fragment.,Irrelevant response,The response does not adequately address the customer's issue.
2021945,@AppleSupport I have 11.1 and the new emojis but I’m seeing black boxes and ? Marks on twitter and Snapchat.Why if I have the latest update?,ios_update,0.4308598612631056,ios_update,"@496182 Let's sort this out. To clarify, when are you seeing the black boxes? Is this in the Emoji keyboard or Letter keyboard?",1.0,1,1,1,True,5,4,4,4,Directly relevant clarifying question about where the black-box symbols appear.,No major failure,The response did not trigger a major failure criterion.
738533,@AppleSupport Basically everytime I press verify it comes back to this. https://t.co/HUXV7x1AvV,other,0.3133218397509407,other,@530582 We appreciate the screenshot. We recommend connecting with our Apple Online Store support here: https://t.co/juL6VLJ6gi,1.0,1,1,1,True,3,3,3,3,Plausible redirect to Apple Online Store support for a verification screenshot issue.,No major failure,The response did not trigger a major failure criterion.
586933,@AppleSupport I reset my Face ID and some apps no longer work. Doesn’t offer me to login with Face ID. How can I fully erase Face ID and restart so ALL apps ask if I want to use it?,account_activation,0.2696467462822233,other,"@267162 You're in the right place for help. Let's start by walking through the steps in the following article: https://t.co/V5aWSz5xXV

If you're still stuck after that, reach out to us via DM here: https://t.co/GDrqU22YpT",,0,0,0,True,4,4,4,4,Relevant article pointer for resetting Face ID across apps.,No major failure,The response did not trigger a major failure criterion.
2915995,"@AppleSupport It says my payment method has been declined, but when I try change it, it says it won't work.",payments_purchases,0.4126258714881211,ios_update,"@764996 For additional help, please contact our billing department here: https://t.co/SDIe7UiyJN",2.0,0,1,1,True,5,4,4,4,Appropriately redirects a declined-payment-method issue to the billing department.,No major failure,The response did not trigger a major failure criterion.
1151823,Hello @AppleSupport take a look at this email please. https://t.co/LfFDDdfEKA,apps_services,0.404681958442282,other,@117100 Lets take a closer look into this issue. Select the following link to join us in a DM and we'll go from there. https://t.co/GDrqU22YpT,3.0,0,1,1,True,3,2,4,3,Generic but plausible response to a forwarded/suspicious email.,Generic or insufficient response,The response is related but provides limited actionable assistance.
2759077,@AppleSupport Even to the bottom right corner when I have no other apps on the screen...,hardware_accessories,0.3500325349482762,other,@144219 We received your DM and will continue there.,5.0,0,0,1,True,3,2,3,3,Generic continuation consistent with an ongoing DM thread fragment.,Generic or insufficient response,The response is related but provides limited actionable assistance.
2806689,@AppleSupport It keeps popping up every few minutes,other,0.4195654993864842,other,"@144221 Understood. Is your iPhone currently restoring an iCloud backup? Let us know in DM, and we'll meet you there. https://t.co/GDrqU22YpT",1.0,1,1,1,True,3,3,3,3,Reasonable clarifying guess (iCloud restore) for a vague recurring popup.,No major failure,The response did not trigger a major failure criterion.
2506053,"I wonder how long after my credit card is charged and my phone is preparing for shipment, it will actually ship?? @115858 ? @AppleSupport ? #soantsy #notgoodatwaiting #iPhoneX",payments_purchases,0.340659276658114,other,"@129980 OK, great. Have you checked other email folders? If so, please contact our Sales Support Team here: https://t.co/8yjRd1Xo0i",4.0,0,0,1,True,2,2,2,2,Reply's mention of checking other email folders is a non sequitur relative to the shipping-timing question.,Wrong historical example causing irrelevance,The retrieved example belongs to another intent and the resulting response is not relevant.
1877398,@AppleSupport re:iOS 11.03 update. U have single-handedly ruined my fabulous Friday. Stop updates that make things worse,ios_update,0.2769921764033165,ios_update,"@433920  Thank you for letting us know. So we can take a closer look at this, please send us a DM. https://t.co/GDrqU22YpT",1.0,1,1,1,True,3,2,4,3,"Generic acknowledgment of the update complaint, doesn't address specifics.",Generic or insufficient response,The response is related but provides limited actionable assistance.
949694,@AppleSupport why can’t I hear anybody when I make a call? They can’t hear me either. But yet it will work whilst I’m on WhatsApp 😤,other,0.3584398150589018,other,@640679 We'd be happy to see how we can help. Does the issue happen when receiving calls as well?,1.0,1,1,1,True,4,3,4,4,Relevant diagnostic question distinguishing between making and receiving calls.,No major failure,The response did not trigger a major failure criterion.
242495,"@AppleSupport My iPhone is unresponsive when Im using apps like Instagram, Snapchat, podcast even playing music, the pause and play button isn’t shown.",music_media,0.2112073666118181,other,@387230 We're here to help. DM us so we can look into this further with you. https://t.co/GDrqU22YpT,5.0,0,0,1,True,3,2,4,3,Generic acknowledgment of the unresponsive-apps issue without specific guidance.,Generic or insufficient response,The response is related but provides limited actionable assistance.
1370250,@AppleSupport the problem is actually in the calendar. when i make appointments for work it lags on every input. sometimes it lags as long as 5-6 minutes.,device_performance,0.2112640686192587,device_performance,"@297399 Are you trying to delete the music from the Music app? If so, please follow these steps: https://t.co/aFqsyZhb72",1.0,1,1,1,True,1,1,1,1,"Reply asks about deleting Music-app content, unrelated to the calendar input-lag issue described.",Irrelevant response,The response does not adequately address the customer's issue.
403597,@AppleSupport An iPhone SE. OS 11.0.2.,other,0.6308459709116329,other,"@710721 Got it. You can buy songs or albums in the iTunes Store app &gt; Music tab. You can check out this helpful resource with more info on how to purchase content on your iPhone: https://t.co/jL9Sc0GgEK 

Let us know if you have any further questions.",1.0,1,1,1,True,1,1,2,1,"Reply discusses purchasing songs in iTunes, unrelated to the bare device/OS version fragment.",Irrelevant response,The response does not adequately address the customer's issue.
2890698,"@AppleSupport ""When you say that your iPhone reset, did it restart on it's own?"" - Its, not it's. @110924 #cm3312017",other,0.2567692240416749,ios_update,@511923 We'd love to assist. Is the iPhone resetting when using a specific app? What version of iOS 11 is running and on what device?,2.0,0,1,1,True,3,2,3,2,"Message is a grammar correction, not a real support request; reply's diagnostic question doesn't fit well.",Generic or insufficient response,The response is related but provides limited actionable assistance.
1095901,@AppleSupport tried different apple cables and always charged via usb through my laptop,payments_purchases,0.2828908437810304,other,@590793 Thank you. Please DM us via the following link and we'll help you further. https://t.co/GDrqU22YpT,,0,0,0,True,3,2,4,3,Generic continuation relevant to the charging troubleshooting already attempted.,Generic or insufficient response,The response is related but provides limited actionable assistance.
1407358,@AppleSupport Unfortunately not. I swipe across to widget display and it collapses. Swipe again and it reopens. Next swipe it collapses again... and so on,hardware_accessories,0.2035852002455162,other,@706160 DM us what country or region you're located in and we'll take a further look. https://t.co/GDrqU22YpT,,0,0,0,True,1,1,2,1,"Reply asks for country/region, unrelated to the widget swipe-collapse bug described.",Wrong historical example causing irrelevance,The retrieved example belongs to another intent and the resulting response is not relevant.
1358123,"@AppleSupport I resv'd iphonex for Nov 3, got res # pending carrier approval called @115725 who said all should be good. Am i getting it?",other,0.2088909068137424,other,@515723 Thanks for keeping us updated. In which country are you located? Let us know via a DM. We’ll keep moving from there. https://t.co/GDrqU22YpT,1.0,1,1,1,True,3,2,3,3,Asking for location is a plausible (if generic) way to check regional order availability.,Generic or insufficient response,The response is related but provides limited actionable assistance.
851233,@115858 @AppleSupport The iPhone 8 plus front camera is so mediocre. Try taking a selfie in Times Square and all billboards come across white. Its a below par camera!Have noticed even rear camera is bad for bright neon lights.,other,0.2774140187801671,device_performance,@486198 Sure! We definitely want you to be able to use that camera. Check out the steps in this article for help: https://t.co/r1DRfaFLIU,2.0,0,1,1,True,4,3,4,4,Relevant offer of help with the camera-quality complaint.,No major failure,The response did not trigger a major failure criterion.
172981,"@AppleSupport hey! I get a message on #macOS when I connect my #iPhoneX to #MacBookPro (15"", 2017) using USB-C to #Lightning cable - it says it draws too much power??!! Should I be concerned??",battery_power,0.2057301796031886,battery_power,"@524615 Let's take a closer look. To better assist, what type of storage device are you attempting to connect?",1.0,1,1,1,True,1,1,2,1,"Reply asks about a storage device, unrelated to the cable power-draw warning described.",Irrelevant response,The response does not adequately address the customer's issue.
2122511,@AppleSupport Oh I just restarted my phone and everything went back to normal,other,0.4294856873339264,other,"@135065 If you're using iCloud Photo Library on your iPhone, sometimes your Wi-Fi connection can interfere with the communication with iCloud. This is why restarting your iPhone will sometimes help. We're glad to hear your photos are back. DM us with any other questions. https://t.co/GDrqU22YpT",1.0,1,1,1,True,5,4,4,5,"Consistent, relevant explanation of why restarting resolved the iCloud Photo Library sync issue.",No major failure,The response did not trigger a major failure criterion.
433128,@AppleSupport They sit with a grated out circle. When I tap it the cloud appears and goes into a circle again. Sometimes downloads sometimes not.,other,0.2236198481375963,other,"@162980 To clarify, your Mac is now working correctly?",1.0,1,1,1,True,1,1,2,1,"Reply asks if a Mac is now working correctly; message describes an ongoing iCloud download icon issue, not a Mac.",Irrelevant response,The response does not adequately address the customer's issue.
1436710,@AppleSupport Nope and I don't have iTunes and no no one has one I can log on from,music_media,0.3504697964188877,ios_update,@409614 Got it. Do the controls in the Control Center work when the screen is unlocked? Let us know in DM: https://t.co/GDrqU22YpT,,0,0,0,True,1,1,2,1,"Reply asks about Control Center controls, unrelated to the stated lack of iTunes access.",Wrong historical example causing irrelevance,The retrieved example belongs to another intent and the resulting response is not relevant.
1125437,"@AppleSupport I use it on a Mac and iPhone, which I’ve always done. Music shows on Mac but not iPhone.",music_media,0.2055214503396698,apps_services,@539660 Thanks for reaching out to us. We are always happy to help. Send us a DM so we can look into this with you there. https://t.co/GDrqU22YpT,2.0,0,1,1,True,3,2,4,3,Generic acknowledgment of a Mac/iPhone music-sync mismatch.,Generic or insufficient response,The response is related but provides limited actionable assistance.
305305,"@AppleSupport hi, yes, I’ve done a hard restart to no avail. Same issue occurs.",device_performance,0.3613657004410171,other,"@268041 Thanks for trying that. Are your other apps that use GPS, such as Maps, working correctly?",,0,0,0,True,3,3,3,3,Plausible diagnostic follow-up (GPS apps) continuing an ongoing troubleshooting thread.,No major failure,The response did not trigger a major failure criterion.
1329275,@AppleSupport why does an app I am not redistributing expire every 7 days? Makes no sense to pay 99$ for a native apple tv app.,music_media,0.2292908130280045,other,@513924 Does this occur with all apps or particular ones?  Let us know via DM: https://t.co/GDrqU22YpT,5.0,0,0,1,True,4,3,4,4,Relevant clarifying question about whether the app-expiry issue is app-specific.,Low retrieval confidence,The best historical match has low similarity to the customer message.
407067,@AppleSupport iPhone 7 Plus,other,1.0,other,"@454034 Which specific version of iOS 11 are you running? To find out, go to Settings &gt; General &gt; About.",1.0,1,1,1,True,3,3,4,3,Reasonable continuation asking for iOS version to keep troubleshooting a device-info fragment.,No major failure,The response did not trigger a major failure criterion.
1379664,@AppleSupport ios 11.0.3 and yes,ios_update,1.0000000000000002,ios_update,"@628681 Thanks. Let's get you to our Photos Experts. Choose Apps &amp; Software &gt; iOS &gt; Photos from this link:

 https://t.co/IBIY3vMgPj",1.0,1,1,1,True,3,3,3,3,Plausible continuation redirecting to Photos experts given prior unseen context.,No major failure,The response did not trigger a major failure criterion.
2028141,@AppleSupport I’m having the question mark in a box problem.  I have newest iPhone before the X and i tried this and now my I’s are https://t.co/j1cQKSC5Vi,device_performance,0.3084908436540586,other,@531637 Here’s what you can do to work around the issue until it’s fixed in a future software update: https://t.co/xXaXeeSRt9,3.0,0,1,1,True,5,4,4,4,Correct workaround link for the letter-I autocorrect symbol bug described.,No major failure,The response did not trigger a major failure criterion.
1770778,@AppleSupport @115858 why do my music and alarm apps keep crashing #ios11fail #abugslife,music_media,0.4486792920103447,apps_services,@311373 We're happy to help. Does this occur with pre-installed apps or 3rd party apps? What's the iOS version installed on your device?,4.0,0,0,1,True,4,3,4,4,Relevant diagnostic questions about which apps crash and iOS version.,No major failure,The response did not trigger a major failure criterion.
2064064,@AppleSupport why since I’ve gotten my iPhone 8plus my wifi continues to drop every device is fine just this one I’ve done everything to fix,connectivity,0.3180940391024274,other,"@628913 Alright, let's take a deeper look.  Feel free to DM us what country you're in and we'll go from there: https://t.co/GDrqU22YpT",2.0,0,1,1,True,2,1,3,2,Asking for country doesn't build on the wifi-dropping troubleshooting already described.,Wrong historical example causing irrelevance,The retrieved example belongs to another intent and the resulting response is not relevant.
2374401,Why does my #imessage show up as inactive on my #MacBookPro when I am logged into everything properly?? Is there an easy fix?? @AppleSupport,apps_services,0.2711667346106134,keyboard_input,"@791529 We can definitely help with this issue and do all we can to work towards a resolution. To help guide us through troubleshooting, did this issue start randomly or did it start after any changes to the Mac such as updating the macOS?",,0,0,0,True,5,4,4,4,Directly relevant diagnostic question about whether the iMessage issue followed a macOS update.,No major failure,The response did not trigger a major failure criterion.
1666284,@AppleSupport This is a purchased song,payments_purchases,0.3497421090990628,other,@546084  We're happy to help. Use this to identify and report phishing emails: https://t.co/LNMCdqt6fD Questions? DM us here: https://t.co/GDrqU22YpT,2.0,0,1,1,True,1,1,1,1,"Reply addresses phishing emails, unrelated to the purchased-song fragment.",Wrong historical example causing irrelevance,The retrieved example belongs to another intent and the resulting response is not relevant.
2549086,"@AppleSupport @123765 I get that some processes still have to run in the background, but I think that 25 mins is too much for an app that needs screen to do stuff",hardware_accessories,0.175507175439279,other,@456288 We are glad to help. Take a look at this article: https://t.co/fUZ0NRJxcn Let us know if this helps.,,0,0,0,True,3,3,3,3,Generic article pointer plausibly related to background app refresh behavior.,Low retrieval confidence,The best historical match has low similarity to the customer message.
448412,"@AppleSupport A quick thank you for trying but a complete wipe and restore was needed. And despite all the massaging just to get CS5.1 to work, the OS still doesn't like it. Time for a new computer and an update @116233. #expensivetouch",ios_update,0.1735325646418909,other,"@249405 You're very welcome! If you need any assistance in the future, don't hesitate to reach out to us.",,0,0,0,True,3,2,3,3,Reasonably matches the closing/thank-you tone of the message despite the embedded complaint.,Generic or insufficient response,The response is related but provides limited actionable assistance.
43323,@AppleSupport is it possible to get a 2011 MacBook Pro battery serviced in store?,battery_power,0.351473975638893,ios_update,@357831 Let's look further into this in DM here: https://t.co/GDrqU22YpT,,0,0,0,True,3,2,4,3,Generic acknowledgment of the battery-service question without a direct answer.,Generic or insufficient response,The response is related but provides limited actionable assistance.
1388857,@115858 @AppleSupport your latest update is killing my battery life... https://t.co/u0qH2bzOGR,battery_power,0.5534298461226903,ios_update,"@165822 We're here for you! Send us a DM, and we'll take a closer look at your device together. https://t.co/GDrqU22YpT",,0,0,0,True,4,3,4,3,Relevant acknowledgment of the update-related battery complaint.,No major failure,The response did not trigger a major failure criterion.
1714811,@AppleSupport Thank you!!,other,1.0000000000000002,other,@117460 You're very welcome! Please feel free to reach out to us again if you need any more help. Have a great day!,1.0,1,1,1,True,5,5,5,5,Appropriately closes out a simple thank-you message.,No major failure,The response did not trigger a major failure criterion.
867491,@AppleSupport I restarted my phone and it sat on the Apple screen for 8 minutes. No drop damage. No water damage no clue,hardware_accessories,0.3044878096557325,other,"@293265 We're here for you. Let's try the steps in this article to start: https://t.co/8MvHMFZ83h

DM us using the link below if the issue persists afterward. https://t.co/GDrqU22YpT",,0,0,0,True,4,4,4,4,Relevant next-step article for a device stuck on the boot screen.,No major failure,The response did not trigger a major failure criterion.
2301459,@AppleSupport seeing*,other,0.600630742842519,keyboard_input,@491616 We'd like to look into this further with you. Connect with us in DM to continue: https://t.co/GDrqU22YpT,4.0,0,0,1,True,2,1,3,2,Message is a bare typo-correction fragment with no real content to act on.,Wrong historical example causing irrelevance,The retrieved example belongs to another intent and the resulting response is not relevant.
1821392,@AppleSupport @546812 It goes down in the DM,other,0.4031038979760036,other,@562654 DM or Direct Message is a way for us to have a private conversation that isn't restricted by character count. Let's continue there: https://t.co/GDrqU2kzhr,1.0,1,1,1,True,5,4,5,4,"Correctly explains what DM means, matching the message's question.",No major failure,The response did not trigger a major failure criterion.
1142119,@AppleSupport Please fix this issue https://t.co/cpzPYBL1vK,device_performance,0.8086067271098105,device_performance,"@577937 Thanks for reaching out about this behavior. Let’s work together to get this addressed. To clarify, which device are you using? Approximately how long has this been happening? Let us know via a DM. We’ll go from there. https://t.co/GDrqU22YpT",1.0,1,1,1,True,4,3,4,3,"Relevant clarifying questions (device, duration) given a vague 'fix this issue' message.",No major failure,The response did not trigger a major failure criterion.
1948374,@AppleSupport This is happening for last 7-10 days.. Using charger that came with the device..,battery_power,0.4618747669376095,hardware_accessories,"@737239 Does it charge to 100%? If not, will it charge with another Apple cable, outlet, or power source?",,0,0,0,True,5,4,4,4,Directly relevant charging-troubleshooting follow-up questions.,No major failure,The response did not trigger a major failure criterion.
1028434,"@AppleSupport No, the third screen shot attached is actually the first taken. You can try the same steps on iPhone 6.",hardware_accessories,0.2352560324776755,hardware_accessories,"@179093 Got it! Does a restart of the iPhone change anything, even if temporarily? DM us the answer. https://t.co/GDrqU22YpT",1.0,1,1,1,True,3,3,3,3,Plausible troubleshooting follow-up continuing an ongoing thread.,Low retrieval confidence,The best historical match has low similarity to the customer message.
2896154,@AppleSupport Yes. Nothin happens. Just the blinking folder,other,0.2940863143777386,other,@542861 Let's have a look here: https://t.co/KKHbRRkCpI. Let us know if you can identify your issue there. If not let's gather more details to get this resolved. Keep us posted.,1.0,1,1,1,True,4,3,3,3,Points to a relevant resource for the blinking-folder boot issue.,No major failure,The response did not trigger a major failure criterion.
1537702,@AppleSupport Thanks! Running 11.0.3,other,0.7650022715623619,ios_update,@554186 Thank you. Have you checked your Push/Fetch settings under Settings &gt; Accounts &amp; Passwords &gt; Fetch New Data?,2.0,0,1,1,True,3,3,3,3,"Plausible continuation asking about Fetch settings, consistent with an ongoing mail-sync thread.",No major failure,The response did not trigger a major failure criterion.
397476,"@AppleSupport I need to cancel a subscription but when I tap my Apple ID, this happens! Can you help? https://t.co/MsBiiOaPlJ",account_activation,0.3141791636135075,other,@375700 We can definitely look into this with you and we're happy to do so. Send us a DM and we'll take a closer look.,3.0,0,1,1,True,4,2,4,3,"Relevant acknowledgment of the subscription-cancellation error, defers to DM.",Generic or insufficient response,The response is related but provides limited actionable assistance.
458431,@AppleSupport Yes. I'm pretty tech savvy and am even logged into itunes and still not going thru. Just spend 40 minutes on the phone w/ Capital One and they confirm all is good with my account.,account_activation,0.1766958989685666,keyboard_input,@510893 Here’s what you can do to work around the issue until it’s fixed in a future software update: https://t.co/xXaXeeSRt9,,0,0,0,True,1,1,1,1,Autocorrect-bug workaround link is unrelated to the described iTunes/payment troubleshooting.,Wrong historical example causing irrelevance,The retrieved example belongs to another intent and the resulting response is not relevant.
2121633,@AppleSupport @625080 The @129941 app seems to be causing iOS system crashes.,apps_services,0.282670347402562,ios_update,@547055 That's not the experience we want you to have. We want to help. Send us a DM letting us know if you are updated to iOS 11.0.3. https://t.co/GDrqU22YpT,4.0,0,0,1,True,4,3,4,4,Relevant follow-up question about iOS version for the app-crash report.,No major failure,The response did not trigger a major failure criterion.
2978789,@AppleSupport wanted to share this screenshot with you from my iPhone X. I noticed that the time and other icons were shifted over and not lining up correctly. https://t.co/27jMZ9DM2z,other,0.2096503829417899,apps_services,"@776930 Yes, it's likely a phishing attempt. You can use this guide to fully report this and know what to be on the lookout for: https://t.co/LNMCdqt6fD",2.0,0,1,1,True,1,1,1,1,"Reply calls this a phishing attempt; message describes a UI misalignment bug, not a suspicious message.",Wrong historical example causing irrelevance,The retrieved example belongs to another intent and the resulting response is not relevant.
430147,@AppleSupport Its just in the 'watch face'. No other apps are affected.  It happened with the switch to Watch OS4. Ive tried turning wifi on/off/resetting,connectivity,0.4238674903536321,apps_services,"@554153 What happens when you attempt to move the app? DM us with the details, we'll look to help you out from there. https://t.co/GDrqU2kzhr",,0,0,0,True,4,3,3,3,Reasonable follow-up question continuing the watch-face app troubleshooting.,No major failure,The response did not trigger a major failure criterion.
2438554,"@AppleSupport At least once, occasionally twice.",other,0.4099252583611025,other,@589103 Let's look into this together. Send us a DM telling us which iPhone you have and the iOS version it's running. https://t.co/GDrqU22YpT,1.0,1,1,1,True,3,2,3,3,Plausible continuation asking for device/iOS info given the terse frequency answer.,Generic or insufficient response,The response is related but provides limited actionable assistance.
2121676,"@AppleSupport All I have selected is the iCloud contacts the rest of are email groups I did have it linked with my outlook but have given up with that as they never worked very well together, losing email groups so all I’m using is iCloud now just a pain putting all back in",apps_services,0.1670765151239227,device_performance,@285472 We want to hear about your experience. Please send us a DM with more details. https://t.co/GDrqU22YpT,2.0,0,1,1,True,3,2,4,3,Generic acknowledgment of the iCloud/Outlook contact-sync frustration.,Generic or insufficient response,The response is related but provides limited actionable assistance.
1434352,"@AppleSupport It’s ok, managed to rescue the timeline by adding 2nd screen. Definitely bugs galore on FCP X 10.3.4 on High Sierra!! Fix em pls!",hardware_accessories,0.3673118288669927,other,"@453032 We'd love to help. Please reach out to our Final Cut Pro experts for further assistance, here: https://t.co/IBIY3vMgPj",,0,0,0,True,5,4,4,4,Appropriately redirects a Final Cut Pro bug report to the relevant specialist team.,No major failure,The response did not trigger a major failure criterion.
1531055,@AppleSupport It didn’t help. My screenshots appear white. My photo library is filled with white spaces that are meant to be screenshots.,other,0.2389770071760687,other,@439510 Our Photos team would be happy to help out. Please reach out here. https://t.co/IBIY3vMgPj https://t.co/GDrqU22YpT,1.0,1,1,1,True,4,3,4,4,Appropriately redirects a Photos-library display issue to the Photos team.,Low retrieval confidence,The best historical match has low similarity to the customer message.
1644606,.@AppleSupport...please help. I️ cannot take my “I️” being changed every time I️ type it. HELPPPPPP,keyboard_input,0.3209351418151762,keyboard_input,"@696950 We're here for you!  First, please confirm which device you're using and what specific iOS version it is running.",1.0,1,1,1,True,4,2,4,3,"On-topic acknowledgment of the autocorrect bug, but asks for info rather than giving the known fix.",Generic or insufficient response,The response is related but provides limited actionable assistance.
269510,@AppleSupport 11.0.1,other,1.0000000000000002,other,@260719 Thank you for that information.  Are you still able to connect to other Bluetooth devices without issue?  What happens when you try to connect?  DM us back. https://t.co/GDrqU22YpT,1.0,1,1,1,True,3,3,3,3,Plausible Bluetooth-focused follow-up continuing an ongoing troubleshooting thread.,No major failure,The response did not trigger a major failure criterion.
2570933,"@AppleSupport your cust service unhelpful. You cancelled my iPhone X order and blame PayPal, PayPal blame Apple I stuck in middle :(",device_performance,0.2061504801543635,other,@143289 Hello. We look forward to you enjoying your new iPhone X. Our Apple Online Store team can check into this for you. Please reach out to them directly here:  https://t.co/8yjRd1Xo0i,,0,0,0,True,4,3,3,3,Relevant redirect to the Online Store team for an order-cancellation dispute.,Low retrieval confidence,The best historical match has low similarity to the customer message.
1705343,My phone worked perfectly fine til i updated it now its glitching out &amp; doing that weird thing with the letter I️ (i) @AppleSupport help out,keyboard_input,0.252674666350242,keyboard_input,@596334 We're happy to address your concerns. We have a workaround for this here: https://t.co/xXaXeeSRt9 DM us if you still need help. https://t.co/GDrqU22YpT,1.0,1,1,1,True,5,4,4,4,Correct workaround link for the letter-I bug described after an update.,No major failure,The response did not trigger a major failure criterion.
246316,@AppleSupport You have an issue with WhatsApp “type a message” box experiences in iPhone 7. It goes only after switching the mobile,keyboard_input,0.2781996662224705,ios_update,@288336 We’re here to help. Tell us a bit about what is happening and we’ll work with you to find a solution.,,0,0,0,True,3,2,4,3,Appropriately asks for more detail given a third-party app (WhatsApp) issue outside Apple's direct control.,Generic or insufficient response,The response is related but provides limited actionable assistance.
2557418,"@AppleSupport yeah i know, it asks for a user and a passwort, like a remote login or something, but why did it appear all of a sudden?
because i used ssh once? :D",account_activation,0.2307793034107736,other,@770058 You're welcome and please feel free to reach back out if we can be of any further assistance!,,0,0,0,True,1,1,2,1,"Reply assumes the conversation is closed ('you're welcome'), but the message is asking an open question.",Wrong historical example causing irrelevance,The retrieved example belongs to another intent and the resulting response is not relevant.
2278447,@AppleSupport I can’t use my yahoo email all of the sudden on 2 devises. It says “user name or password are incorrect” I have multiple accounts on different phones. I receive but can’t send. Have deleted and reloaded,account_activation,0.3309955148259728,ios_update,"@663979 We know it's essential for your Mail app to work. Is this happening in the native Mail app, or using another application? Are you able to sign in without error using webmail from a computer?",,0,0,0,True,5,4,4,4,Directly relevant diagnostic questions distinguishing app vs. webmail login failure.,No major failure,The response did not trigger a major failure criterion.
2676867,"@AppleSupport hi, I don't own any apple id nor I have applied for one. Still I am getting this mails(5 till nw) which I believe spam,pls hlp",account_activation,0.2930097285853814,other,@358362 Sorry about that. DM us and we'll look into this iMac audio situation with you more. https://t.co/GDrqU22YpT,4.0,0,0,1,True,1,1,1,1,"Reply mentions an unrelated 'iMac audio situation', not the spam Apple ID emails described.",Wrong historical example causing irrelevance,The retrieved example belongs to another intent and the resulting response is not relevant.
749784,@AppleSupport IPhone 7 Plus And iOS 11.0.3,ios_update,1.0,ios_update,@138638 Got it. Let us know in DM when you first noticed this. https://t.co/GDrqU22YpT,1.0,1,1,1,True,3,2,3,3,Plausible continuation asking about onset time for a device-info fragment.,Generic or insufficient response,The response is related but provides limited actionable assistance.
2291590,@AppleSupport It says update requested but the update is about iPhone x screen touching,hardware_accessories,0.3507690066455224,ios_update,@267195 Thanks. Let's meet in DM and we'll take a closer look at what may be causing this. https://t.co/GDrqU22YpT,,0,0,0,True,3,2,4,3,Generic acknowledgment of an ambiguous update/touch-issue message.,Generic or insufficient response,The response is related but provides limited actionable assistance.
1690473,@513209 @AppleSupport I agree. What a joke,other,0.5602808663717052,other,@595637 Please DM us details of any issues you're having with your iPhone. We'll work with you towards a resolution there. https://t.co/GDrqU22YpT,1.0,1,1,1,True,2,2,3,2,"Message is a vague reaction, not a specific complaint; reply's generic ask is a reasonable fallback.",Irrelevant response,The response does not adequately address the customer's issue.
2111423,@ATT @115858 @AppleSupport hey i would LOVE to know why my iPhone 8 of less than a month already turned off and won't turn back on!!!!!!!!!!,other,0.3697661962810415,other,"@495833 Let's work together to find the best solution for your iPhone. To start, check out the steps in the following article: https://t.co/8MvHMFZ83h

DM us if you're still stuck after that. https://t.co/GDrqU22YpT",1.0,1,1,1,True,4,4,4,4,Relevant next-step article for a device that won't power back on.,No major failure,The response did not trigger a major failure criterion.
2020123,look here @AppleSupport ....you can make my phone slow and all that with these updates... but i️ want my i’s back! you takin it to far!,device_performance,0.2443154328577389,other,@460846 Are you having this issue with your device currently? Let us know in DM. We want to help. https://t.co/GDrqU22YpT,3.0,0,1,1,True,4,2,4,3,"On-topic acknowledgment of the autocorrect complaint, but doesn't offer the known fix directly.",Generic or insufficient response,The response is related but provides limited actionable assistance.
853916,"@AppleSupport Tengo un Macbook Pro retina de mediados del 2014 al que le ha salido esto en la pantalla, parece un defecto de fábrica https://t.co/amRfvlaEBg",apps_services,0.3802782486416284,other,@172919 We offer support via Twitter in English. Get help in Spanish here: https://t.co/IBIY3vMgPj or join https://t.co/OczyRx7IOs,5.0,0,0,1,True,2,2,4,2,Appropriately notes the language option but doesn't address the screen-defect issue itself.,Wrong historical example causing irrelevance,The retrieved example belongs to another intent and the resulting response is not relevant.
2774335,"@AppleSupport You know. I get it. My MacBook Pro is almost 8 years old. But if the older Macs are having such issues with this OS, then force obsolete us.",apps_services,0.162917954226991,other,"@275090 In the meantime, let’s work together to see if we can resolve the issue. Try these steps here: https://t.co/sf0JEbUJVS",2.0,0,1,1,True,3,3,3,3,Generic troubleshooting offer for an older-Mac compatibility complaint.,Low retrieval confidence,The best historical match has low similarity to the customer message.
689308,"@AppleSupport I got a weird issue, on iPhone 7 I'm getting heating problem but today I got issues with camera flash, in control panel brightness indicator is saying full brightness but the screen light is very dim...unable to connect support as well. https://t.co/529CJU5SxU",connectivity,0.1896170608533128,connectivity,@713678 We would be glad to help with your Wi-Fi. Try the steps in this article: https://t.co/tdmlmF3jQa,1.0,1,1,1,True,1,1,1,1,"Reply addresses Wi-Fi help, unrelated to the heating, camera flash, and screen-brightness issues described.",Irrelevant response,The response does not adequately address the customer's issue.
1407867,@AppleSupport it has been 2 hours but nothing happening. I’m unable to login. And I’ve restored os using command+R &gt;restore Mac(High Sierra) https://t.co/hTaXXy7ugP,account_activation,0.3500244894794504,ios_update,"@287022 Thanks for reaching out to us. We'd like to help get you back into your Mac. Just to clarify, did the Mac become unresponsive during the update or during the start up?",,0,0,0,True,5,4,4,4,Directly relevant diagnostic question about when the Mac became unresponsive.,No major failure,The response did not trigger a major failure criterion.
2903737,@AppleSupport Its not an app! Its the camera roll,apps_services,0.3045108310418786,other,@532501 Do you have another user account that you can use to see if this still happens there? If not let's go ahead and create a test user account to try this out. You can see how to do so here: https://t.co/yoThHdqdHe,,0,0,0,True,3,3,3,3,Reasonable generic troubleshooting step (test user account) continuing an ongoing thread.,No major failure,The response did not trigger a major failure criterion.
300623,"@187675 @AppleSupport Yes, I see. First time ever that I find Apple really dissapointing. Sad.",other,0.4687779106264136,other,@417857 How long does your battery last from a full charge? Which iPhone do you own?,1.0,1,1,1,True,2,2,2,2,Reply guesses at a battery-related topic with no supporting evidence from the vague message.,Irrelevant response,The response does not adequately address the customer's issue.
1599714,This isn’t what I️ tweeted so what the fuck is going on ? @123765 @TwitterSupport @AppleSupport @115858 https://t.co/sKVTMtWjvX,other,0.4911856646129114,other,@503722 Thanks for reaching out. Give this workaround a try and let us know if it helps: https://t.co/qODbOsp4wz,1.0,1,1,1,True,4,3,3,3,Plausible workaround offer consistent with the likely autocorrect-bug context implied by tagging Twitter Support.,No major failure,The response did not trigger a major failure criterion.
2118385,@AppleSupport @624313 I am also getting the same error after recent beta upgrade!!! https://t.co/6YQqNieRIq,ios_update,0.2928813793678404,device_performance,@288249 We're here to help you get pointed to the right direction. You can contact our Developer team here: https://t.co/LIrs0dB6kH,,0,0,0,True,5,4,4,4,Appropriately redirects a beta-related error to the Developer support team.,No major failure,The response did not trigger a major failure criterion.
2779378,"@AppleSupport Me/wife/2 kids, iPhone 7: wifi/bt are off then frequently come back ON again on their own. Most often when coming out of airplane mode but see it when I wake up in AM both are suddenly on...maybe triggered by the Do Not Disturb function. 

I have not seen it turn OFF on its own.",connectivity,0.1799066103670479,connectivity,@193855 We want to help. Have you seen the steps here for Wi-Fi and Bluetooth on iOS 11? https://t.co/G7BHuQnDS6,1.0,1,1,1,True,4,3,4,4,Relevant Wi-Fi/Bluetooth troubleshooting resource for the described on/off behavior.,Low retrieval confidence,The best historical match has low similarity to the customer message.
1976565,I️ need to understand why my letter “I️” keeps turning into “! And a box with a question mark” @AppleSupport 🤷🏾‍♀️.,keyboard_input,0.4319735391307894,keyboard_input,@343094 We'd be happy to look into this with you. DM us the iOS version you're currently running using the link below. https://t.co/GDrqU22YpT,1.0,1,1,1,True,4,2,4,3,"On-topic acknowledgment of the autocorrect symbol bug, but asks for info rather than the known fix.",Generic or insufficient response,The response is related but provides limited actionable assistance.
446521,"@AppleSupport literally had these for 1 month and already one of the ears broke, just out of no where... replacement? https://t.co/7wFrBepTQA",other,0.2800227275226228,other,@451102 We're happy to look into your repair options. Please DM us your country of residence to get started. https://t.co/GDrqU22YpT,1.0,1,1,1,True,4,3,4,4,Relevant next step (repair options) for the broken headphone/AirPod complaint.,No major failure,The response did not trigger a major failure criterion.
2007702,"@AppleSupport  fix whatever y’all doing with these updates . My phone always glitches when I update it . 
Im about to get an Android",ios_update,0.3946993341280249,other,"@717980 We understand how important it is to see your calls coming through, so we’d like to help. Let us know in DM if Do Not Disturb is enabled in Settings &gt; Do Not Disturb. https://t.co/GDrqU22YpT",,0,0,0,True,1,1,2,1,"Reply asks about Do Not Disturb and call visibility, unrelated to the general update-glitching complaint.",Wrong historical example causing irrelevance,The retrieved example belongs to another intent and the resulting response is not relevant.
1598110,@AppleSupport why won’t this thing connect?! Trying all day. Tweeting from phone connected to said network.  #iPhoneX #iphoneXlaunch https://t.co/0hP7j4boO2,connectivity,0.2112379899997583,ios_update,@231631 Thank you. Does this happen on multiple Wi-Fi networks? How much space is available on the device (Settings &gt; General &gt; About)? Is the error coming up when attempting to download the update or install the update? Respond in DM. We'll continue there. https://t.co/GDrqU22YpT,2.0,0,1,1,True,5,4,4,4,"Thorough, relevant diagnostic questions for a persistent connectivity problem.",Low retrieval confidence,The best historical match has low similarity to the customer message.
1543327,@AppleSupport why is cant I️ type the letter “I️” without I️t being replaced to a # and a question mark box https://t.co/cHnRFoNZuF,keyboard_input,0.4243820156098554,keyboard_input,@588480 Hi. We're here for you. DM us and tell us which device you're having this issue with and we'll go from there. https://t.co/GDrqU22YpT,1.0,1,1,1,True,4,2,4,3,"On-topic acknowledgment of the autocorrect symbol bug, but asks for info rather than the known fix.",Generic or insufficient response,The response is related but provides limited actionable assistance.
2375289,"@applesupport Hi there - iphone 5 just stopped connecting to imessage. Turned off/on, rebooted, reset network settings - you name it - I tried it. Activation error. Don't get any messages from people with an iphone (it's not recognizing to switch to SMS). Any ideas? Thanks.",account_activation,0.1681179043354757,other,@672977 Thanks for clarifying that for us. Go ahead and join us in DM using the following link: https://t.co/GDrqU22YpT,,0,0,0,True,3,2,4,2,Generic acknowledgment of a detailed iMessage activation problem without engaging specifics.,Generic or insufficient response,The response is related but provides limited actionable assistance.
394071,@AppleSupport my IDapple is not working. I put the password and it say it’s wrong,account_activation,0.3177483660174526,device_performance,"@595355 Thanks for reaching out! Check out this article: https://t.co/xU1AGHStV6 

Let us know if you’re still having issues in DM. https://t.co/GDrqU22YpT",3.0,0,1,1,True,4,3,4,4,Relevant article pointer for an incorrect Apple ID password issue.,No major failure,The response did not trigger a major failure criterion.
639767,"#iOS11 is so full of bugs... unbelievable. In addition to all the freezes, delays, unresponsiveness and faulty transitions, one of the worst I'm encountering is also the hotspot turning itself on at random times. #Apple @AppleSupport",ios_update,0.2665842924473092,other,@597927 We'd like to look into this with you. DM us which iOS version you're currently running and we'll continue there. https://t.co/GDrqU22YpT,,0,0,0,True,4,2,4,3,"On-topic acknowledgment of a list of iOS bugs, but asks for info rather than addressing any specifically.",Generic or insufficient response,The response is related but provides limited actionable assistance.
1300708,"Y’all need to fix this iOS update, @AppleSupport. I’m getting real sick and tired of turning my WiFi off multiple times a day.",connectivity,0.405319659018741,other,@595195 We'd love to help. Try all steps here: https://t.co/xXaXeeSRt9 Please DM us the device and OS version if issue persists: https://t.co/GDrqU22YpT,,0,0,0,True,5,4,4,4,"Relevant, actionable steps for the recurring WiFi-toggling complaint.",No major failure,The response did not trigger a major failure criterion.
437020,@AppleSupport my IMessage Not working,apps_services,1.0,device_performance,@820329 We'd like to know more to help. Are you having an issue activating or sending and receiving an iMessage? Let us know and confirm the device this occurs on and we'll continue.,,0,0,0,True,5,3,4,4,Relevant clarifying question distinguishing activation vs. send/receive iMessage issues.,No major failure,The response did not trigger a major failure criterion.
2152915,@AppleSupport 11.0.3.... 11.1 is downloading now. Dont understand why i didnt get a software update notification. I hope the fixes it.,ios_update,0.2769256001038415,connectivity,@539581 Is it one network you are having issues with connecting to or multiple?,3.0,0,1,1,True,1,1,2,1,"Reply asks about Wi-Fi network connectivity, unrelated to the update-notification question asked.",Wrong historical example causing irrelevance,The retrieved example belongs to another intent and the resulting response is not relevant.
1785232,"@AppleSupport Ordered at 3 am &amp; got a reservation #.  Email arrived, went to purchase but Apple will not honor it be/ I have a PO Box. 😠",payments_purchases,0.215429880267227,apps_services,@434036 Our Online Store team is best suited to help you with your order. You can reach them here:  https://t.co/8yjRd1Xo0i,2.0,0,1,1,True,5,4,4,4,Appropriately redirects an order-honoring dispute to the Online Store team.,Low retrieval confidence,The best historical match has low similarity to the customer message.
853171,@AppleSupport my iPhone 6 keeps freezing every 10 minutes since iOS 11 please do something https://t.co/LS2PRJ0Yqt,ios_update,0.418800298371094,other,@513897 Here’s what you can do to work around the issue until it’s fixed in a future software update: https://t.co/qODbOsp4wz,3.0,0,1,1,True,3,3,3,3,Generic 'future update' workaround link is plausible but not clearly confirmed for the freezing issue.,No major failure,The response did not trigger a major failure criterion.
1249461,Holy FK @115858 @AppleSupport I can’t even make or receive phone calls since the last iOS update!!! Thanks for the $800 brick!,ios_update,0.505480289295669,ios_update,@179495 We know it's important to stay in touch and we'd like to help. We recommend checking out this link: https://t.co/U53YusKX3z,1.0,1,1,1,True,4,3,3,3,Relevant resource offered for the inability to make/receive calls after an update.,No major failure,The response did not trigger a major failure criterion.
1111402,.@699 Why do ALL the games show this message on @117406 App on @115858 TV @AppleSupport? #NBALeaguePass #AppleTV #WTF #NBAAPP #NBATV #JANKY https://t.co/rR0SXzGISd,apps_services,0.2517711271643309,apps_services,"@670887 Thanks for reaching out to us. For help with your Apple TV, use this link here to contact us over the phone: https://t.co/IBIY3vMgPj",1.0,1,1,1,True,4,3,4,4,Appropriately redirects an Apple TV app issue to phone support.,No major failure,The response did not trigger a major failure criterion.
2002944,@592266 @AppleSupport Or Jog on what ever fits 🤔,other,0.2591808146888958,other,"@492513 Alright, no problem. Let us know if all your apps are up-to-date in DM. We’ll take a closer look at this with you there. https://t.co/GDrqU22YpT",1.0,1,1,1,True,2,2,3,2,Message fragment is unclear; reply's generic app-update question is a reasonable fallback.,Irrelevant response,The response does not adequately address the customer's issue.
484589,"@AppleSupport screwed up with iOS11, so many problems happening with my 6s!!! Really board with problems....",ios_update,0.3075089819607308,other,"@359696 We want your iPhone to be working as expected. Send us a DM with details, and we'll start there. https://t.co/GDrqU22YpT",2.0,0,1,1,True,3,2,4,3,Generic acknowledgment of a vague post-iOS11 complaint.,Generic or insufficient response,The response is related but provides limited actionable assistance.
1181852,@AppleSupport Mpow Magneto headphones,hardware_accessories,0.5315356103959672,hardware_accessories,"@346472 Have you tried restarting your iPhone to see if it helps? If not, let's try. Here's how: https://t.co/OWRDHWSt4h",1.0,1,1,1,True,3,3,3,3,"Generic restart suggestion, plausible first step for a headphone accessory fragment.",No major failure,The response did not trigger a major failure criterion.
1287051,hey @AppleSupport i just purchased the apple music family plan and ever since i get this error.. i’ve already been billed. what’s up? https://t.co/Wy9a1ChkKN,payments_purchases,0.2585230885600282,music_media,"@240308 While we can't speculate on future changes to our available subscriptions, we appreciate your interest and encourage you to stay up to date on Apple news here: https://t.co/gbIPLOsnZd",,0,0,0,True,1,1,2,1,"Reply discusses future subscription changes, not the billing error the customer is actually reporting.",Wrong historical example causing irrelevance,The retrieved example belongs to another intent and the resulting response is not relevant.
1571677,@AppleSupport The autocorrect glitch for the letter I,keyboard_input,0.5305207575042621,ios_update,@503002 Here’s what you can do to work around the issue until it’s fixed in a future software update: https://t.co/xXaXeeSRt9,3.0,0,1,1,True,5,4,4,4,Correct workaround link for the stated autocorrect-I glitch.,No major failure,The response did not trigger a major failure criterion.
707427,@AppleSupport Well appreciated 🙏🏽,other,0.4918029541019351,other,"@549208 We'd like to help with this. What kind of device are you using? Let us know in DM, and we'll continue there. https://t.co/GDrqU22YpT",1.0,1,1,1,True,1,1,2,1,Message is a simple thanks; reply incorrectly assumes an ongoing unresolved issue.,Irrelevant response,The response does not adequately address the customer's issue.
1158020,"My iPhone 6 screen is bulging, any suggestions? Is it safe to use until I can repair/replace? Trying to hold out for the X @AppleSupport 🆘📱",hardware_accessories,0.3083165249306527,ios_update,@208017 We can get you some info on this. Are you asking if it's okay to use a model that isn't capable of updating to iOS 11?,,0,0,0,True,1,1,2,1,Reply misreads the bulging-screen safety question as one about iOS 11 update compatibility.,Wrong historical example causing irrelevance,The retrieved example belongs to another intent and the resulting response is not relevant.
2472935,@AppleSupport when I try to remove my credit card off my iTunes account it doesn't let me save the changes it says an unknown error has occurred; I would like to remove my credit card please!,payments_purchases,0.4096688037640769,payments_purchases,"@550401 We'd be happy to get you pointed in the right direction. Check out: https://t.co/rnB74M0zio If that doesn't help, please DM us: https://t.co/GDrqU22YpT",1.0,1,1,1,True,5,4,4,4,Directly relevant article for the credit-card removal error described.,No major failure,The response did not trigger a major failure criterion.
1162071,I️ hero’s changing in my phone to some symbol what do I️ do? @AppleSupport,other,0.4030201488222309,other,@178792 We're here for you! It looks like your iPad is disabled. Follow the steps here for help: https://t.co/qC0p25l5ee,1.0,1,1,1,True,1,1,1,1,"Reply addresses a disabled iPad, unrelated to the autocorrect symbol bug described.",Irrelevant response,The response does not adequately address the customer's issue.
2834181,I thought iOS 11.1.1 was supposed to fix the “I” bug? @AppleSupport @115858 https://t.co/ujIaFsF5Kl,ios_update,0.5138211113448952,device_performance,"@664650 Let's take a look into this together. Have you tried a simple restart since noticing this issue? If not, let's restart: https://t.co/OWRDHWSt4h Let us know if that helps.",2.0,0,1,1,True,4,3,3,3,Reasonable troubleshooting step (restart) for a fix that reportedly hasn't worked yet.,No major failure,The response did not trigger a major failure criterion.
382541,@AppleSupport iOS and TVOS   I switch between my iPhone and my AppleTV (4th Gen). There are a bunch of songs. The personal station only seems to have a about 30 songs and I disliked many of them. Shouldn’t it reflect the music I listen to and like?,music_media,0.1902443422064899,device_performance,@394453 That is definitely a strange one. Does the issue persist after restarting your device? What iOS version are you on?,4.0,0,0,1,True,3,2,3,3,"Generic troubleshooting questions for a personalized-playlist quality complaint, not clearly matched.",Generic or insufficient response,The response is related but provides limited actionable assistance.
1576413,@AppleSupport ya need to fix this I️ thing ASAP and by I️ meant “eye” since u prob can’t see the letter,keyboard_input,0.3507492372912869,other,"@159413 We recently released an iOS update, 11.1.1, that contains a fix for autocorrect issues. Let’s be sure to back up your device prior to updating. How to back up: https://t.co/4f8hwT5to6",3.0,0,1,1,True,5,5,5,5,Directly and correctly points to the iOS 11.1.1 autocorrect fix with backup guidance.,No major failure,The response did not trigger a major failure criterion.
874920,@AppleSupport why won't iTunes shuffle anymore? It's says ask Siri to do it. Why did you screw up iTunes? I only buy iPhone for tunes. Fix?,music_media,0.2360233495944161,ios_update,"@592745 We'll do everything we can to help. To confirm, have you installed the iOS 11.1 update? DM us what's happening exactly: https://t.co/GDrqU22YpT",,0,0,0,True,4,3,4,3,Relevant clarifying question about update status for the iTunes shuffle complaint.,Low retrieval confidence,The best historical match has low similarity to the customer message.
588070,@AppleSupport Many times actually. Repair installs and even clean installs. I first noticed the problem in one of pre-release public betas and the problem has persisted ever since.,device_performance,0.1797646273033814,apps_services,@171394 We’ve got you covered. Check out this guide and send a DM if you have questions: https://t.co/4Xnb7WjVko https://t.co/GDrqU22YpT,2.0,0,1,1,True,3,3,3,3,"Generic guide reference plausible for a persistent, unspecified issue.",Low retrieval confidence,The best historical match has low similarity to the customer message.
2545576,@AppleSupport my phone is messing up like it’s brand new. What is the issue here?!,device_performance,0.3591275210531297,ios_update,"@384366 We're happy to help. To get started, let us know what issue you're experiencing.",,0,0,0,True,4,3,4,3,Appropriately asks for specifics given the vague 'messing up' complaint.,No major failure,The response did not trigger a major failure criterion.
963474,@AppleSupport is there anyway to check my iPhone 7 battery health?,battery_power,0.8671384055287137,battery_power,@820337 We're happy help. Join us in DM with details about what's going on with your battery and the iOS version currently installed on your 6s. You can find it in Settings &gt; General &gt; About. https://t.co/GDrqU22YpT,1.0,1,1,1,True,3,2,2,2,"References 'your 6s' when the customer said iPhone 7, an inconsistency suggesting a mismatched retrieval.",Generic or insufficient response,The response is related but provides limited actionable assistance.
2476049,"@115858 @AppleSupport 
Can you PLEASE fix your https://t.co/NS4FWg1qzk
They say a picture is worth a 1000 words. I am giving you two!

#Umah is my app and not sure if it's ""in review"", ""ready for sale"" or really, really is ""in review!"" 
https://t.co/YWY9rsLnz0 https://t.co/qyjNnsHT4L",apps_services,0.2254892718185986,device_performance,@273065 Thanks for reaching out! We’d recommend backing up your device and updating to the latest version of iOS. Check out this article for more information: https://t.co/xU1AGHStV6 Let us know if you’re still having issues after the update.,,0,0,0,True,1,1,2,1,"Reply suggests updating iOS, unrelated to the App Store review-status question asked.",Wrong historical example causing irrelevance,The retrieved example belongs to another intent and the resulting response is not relevant.
1969314,"@AppleSupport iPhone 7 and iOS 11.0.3, the screen freezes a lot and I have to restart it but then it happens the next day or two",hardware_accessories,0.3150356236444807,ios_update,@475264 Thanks for sending that info over. Can you send us a DM and tell us which country you're in? We'll find the best way to help. https://t.co/GDrqU22YpT,,0,0,0,True,2,1,3,2,Asking for country doesn't meaningfully address the recurring screen-freeze issue described.,Wrong historical example causing irrelevance,The retrieved example belongs to another intent and the resulting response is not relevant.
894334,"@AppleSupport It happens late charging, yesterday it appeared until 96%. Not damaged at all, I have restarted since I bought my iPhone 8plus, a month ago.",battery_power,0.1974478044710351,ios_update,@517500 We'd like to continue helping out. Let's meet in DM. https://t.co/GDrqU22YpT,,0,0,0,True,3,2,4,3,Generic acknowledgment of the charging-behavior description.,Generic or insufficient response,The response is related but provides limited actionable assistance.
910437,"@AppleSupport I just closed down iTunes, restarted and tried downloading through 'Purchased' - seems to have worked. Thanks very much for your help anyway",payments_purchases,0.3928959263081308,other,@249499 Thanks for keeping us in the loop. We're glad everything is working again. Let us know if you need anything else.,,0,0,0,True,5,4,5,5,Appropriately closes out a resolved-issue thank-you message.,No major failure,The response did not trigger a major failure criterion.
445967,@AppleSupport What is the ‘acceptable’ temperature for a iPhone 7 🧐🤔,other,0.4613670904013559,other,"@589860 Thanks for reaching out. Please send us a DM, with your current iOS version, and we'll take a look. https://t.co/ZTw54HL4Rm https://t.co/GDrqU22YpT",1.0,1,1,1,True,3,2,4,3,"Generic acknowledgment of the temperature question, defers to DM.",Generic or insufficient response,The response is related but provides limited actionable assistance.
1147076,"@AppleSupport In order to log in, I need to answer security questions - which I have forgotten. I cannot reset the answers to the questions",account_activation,0.3469225375167591,other,@389970 It looks like you can't sign in to your Apple ID and you've forgotten the security questions. Have you tried email recovery?,2.0,0,1,1,True,5,4,4,5,"Directly relevant, offers a concrete next step (email recovery) for the forgotten security questions.",No major failure,The response did not trigger a major failure criterion.
1365590,"@AppleSupport WTF ; iphone really sucks.. trying to show how to dispose, disgusting; first fix #error56 #iphone dead updating #ios 11",ios_update,0.3768170222576561,other,@370404 You can check out this link to resolve the error: https://t.co/VtLfFWoKGX DM if it continues. https://t.co/GDrqU22YpT,,0,0,0,True,5,4,4,4,Relevant link addressing the specific error code mentioned in the update complaint.,No major failure,The response did not trigger a major failure criterion.
2850845,"@AppleSupport trying to use #ApplePay on @4086 for an order however I get an error on my shipping address, but doesn’t tell me what is actually wrong or how to correct the error.",device_performance,0.2589182440239937,ios_update,@310808 That's an excellent question. We have a great Sales Support team who can assist you with this: https://t.co/8yjRd1Xo0i,4.0,0,0,1,True,4,3,4,4,Appropriately redirects an Apple Pay checkout error to the Sales Support team.,No major failure,The response did not trigger a major failure criterion.
2680930,@AppleSupport done!,other,1.0,other,@188509 Thanks. We will continue with you there.,1.0,1,1,1,True,3,2,3,3,Generic continuation plausible for a short confirmation message.,Generic or insufficient response,The response is related but provides limited actionable assistance.
937451,@AppleSupport Also having apps crash—including iMessage,apps_services,0.3842394115025332,ios_update,@238553 We hear you and we want to help. Send us a DM letting us know how long you've been having this issue. https://t.co/GDrqU22YpT,2.0,0,1,1,True,4,3,4,4,Relevant follow-up question about duration for the app-crashing complaint.,No major failure,The response did not trigger a major failure criterion.
993353,@AppleSupport everytime I try and log in https://t.co/CR8R9PUmpF,account_activation,0.3996371832335938,account_activation,"@629703 Thanks for reaching out. We understand the importance of getting into your Mac. It looks like while you're seeing the unexpected text display, there's also a progress bar in the center. Does the progress bar move, and if so, is there any change when it's complete?",1.0,1,1,1,True,2,2,2,2,Reply describes a Mac progress-bar scenario that doesn't clearly match a generic login-failure message.,Irrelevant response,The response does not adequately address the customer's issue.
2111313,I guess I’m having the same error 3014 problem everyone else is having. @AppleSupport,device_performance,0.3978460405709972,device_performance,@465017 Send us a DM with specific details and we can start there. https://t.co/GDrqU22YpT,1.0,1,1,1,True,3,2,4,3,"Generic acknowledgment of a specific known error code, without offering the applicable fix.",Generic or insufficient response,The response is related but provides limited actionable assistance.
